{
    "loss": 12.294631958007812,
    "accuracy": 0.5686274766921997
}